"","x"
"1","id1000852"
"2","ud7001348"
"3","id7004052"
"4","ud1000154"
"5","id1004393"
"6","id1000051"
"7","id1000994"
"8","id3015622"
"9","wd7002954"
"10","wd3001877"
"11","id7004166"
"12","id3012431"
"13","id3008445"
"14","id7002916"
"15","id7003169"
"16","id3008476"
"17","ud7001215"
"18","id3011930"
"19","id3014217"
"20","id3011218"
"21","id7003112"
"22","ud7001352"
"23","id3013258"
"24","id1000026"
"25","id1003248"
"26","id7003361"
"27","id7003332"
"28","id7003377"
"29","ud7001201"
"30","id3014412"
"31","id7002708"
"32","id1000399"
"33","id7002717"
"34","id1000660"
"35","id1002920"
"36","id7002946"
"37","id1000685"
"38","id1000858"
"39","id1001692"
"40","id3011075"
"41","id4000010"
"42","id3015885"
"43","id7003201"
"44","id1002509"
"45","id7003704"
"46","ud7001582"
"47","id3009868"
"48","id7004086"
"49","id1000528"
"50","id1000529"
"51","id3008355"
"52","ud7001515"
"53","id1003839"
"54","id3012912"
"55","id3008721"
"56","id3009920"
"57","id7002795"
"58","id7003442"
"59","id1003840"
"60","id7002799"
"61","id3009602"
"62","id1001049"
"63","ud7001237"
"64","id7002775"
"65","id7003947"
"66","id3011059"
"67","id4000756"
"68","wd1000189"
"69","id1001664"
"70","id1001588"
"71","id7004032"
"72","id1002087"
"73","id7003555"
"74","wd7003065"
"75","id3016604"
"76","id3009692"
"77","id7003576"
"78","id1002919"
"79","id7002918"
"80","id7002896"
"81","id3017376"
"82","id7003475"
"83","id3010236"
"84","id7003195"
"85","id3011813"
"86","id3009243"
"87","wd3000757"
"88","id3009276"
"89","id3009331"
"90","id1000007"
"91","id3008454"
"92","id3008833"
"93","id3008397"
"94","id3011640"
"95","id3013989"
"96","id7002923"
"97","id3012384"
"98","id1001981"
"99","id1001915"
"100","id3008500"
"101","id1001509"
"102","id3011423"
"103","id1001366"
"104","id1000857"
"105","id3011035"
"106","ud7001419"
"107","id7003190"
"108","id4000164"
"109","ud7001180"
"110","id7003709"
"111","id7003983"
"112","id3010511"
"113","ud3001031"
"114","id1000980"
"115","id3008682"
"116","ud3000950"
"117","id3013397"
"118","id3011115"
"119","id1001516"
"120","id3012248"
"121","ud7001238"
"122","id7002838"
"123","id3017406"
"124","wd7002936"
"125","dd3000953"
"126","id3017627"
"127","id1000661"
"128","id3010370"
"129","id3017179"
"130","id3011960"
"131","id1000027"
"132","id1001599"
"133","id1001430"
"134","id1001224"
"135","id7003931"
"136","id1003919"
"137","id3009037"
"138","id3011044"
"139","id1005297"
"140","id1000030"
"141","id3008411"
"142","id3015746"
"143","ud1000187"
"144","id1001266"
"145","id1001638"
"146","id1004041"
"147","id1002227"
"148","wd7002914"
"149","id3017002"
"150","id7003064"
"151","id7002749"
"152","ud1000074"
"153","id7003060"
"154","id3014618"
"155","id1000731"
"156","id7003641"
"157","id7004040"
"158","id3009233"
"159","ud7001500"
"160","id7003174"
"161","id7003039"
"162","id7003877"
"163","id1004156"
"164","id3008674"
"165","id1003877"
"166","id3017136"
"167","id3016668"
"168","id7004170"
"169","id7003467"
"170","id3014850"
"171","id1001128"
"172","id7002788"
"173","id3009780"
"174","wd7002589"
"175","fd10"
"176","id1003368"
"177","id3016043"
"178","id1004633"
"179","id1003465"
"180","id1003115"
"181","id1001003"
"182","id1001015"
"183","id3008432"
"184","id7003272"
"185","id7003078"
"186","id3009379"
"187","id3009824"
"188","id7002999"
"189","id3016447"
"190","id1001332"
"191","id3017403"
"192","id1004872"
"193","id3008453"
"194","id1002730"
"195","id3012473"
"196","id3018096"
"197","id1000929"
"198","id1000423"
"199","id3009934"
"200","id1000841"
"201","id1002622"
"202","ud7001431"
"203","id1000011"
"204","id3016565"
"205","id7003040"
"206","id3009130"
"207","id3008844"
